{"cameraMode":{"drawMode":0,"name":"Shaded","section":"Shading Mode"},"sceneLighting":true,"audioPlay":false,"sceneViewState":{"showFog":true,"showMaterialUpdate":false,"showSkybox":true,"showFlares":true,"showImageEffects":true,"showParticleSystems":true},"in2DMode":false,"pivot":{"x":0.29783153533935549,"y":-0.11069393157958985,"z":-0.20927667617797852},"rotation":{"x":-0.08518067002296448,"y":0.9053961634635925,"z":-0.21754853427410127,"w":-0.3545060455799103},"size":10.323674201965332,"orthographic":false}